Year, Total Number with a Felony Record (ex- and current) , %total VAP with felony record (ex- and current) , Total African Americans with Felony Record (ex- and current) , % total African American VAP with Felony Record (ex- and current) , Total Number with Past Felony Conviction (ex-only) , %total VAP with Past Felony Conviction (ex-only) , Total African Americans with Past Felony Record (ex- only) , % total African American VAP with Past  Felony Record (ex-only) , Total Number with a Prison Record (ex- and current) , %total VAP with prison record (ex- and current) , Total African Americans with Prison Record (ex- and current) , % total African American VAP with Prison Record (ex- and current) , Total Number with Past Prison Record (ex-only) , %total VAP with Past Prison Record (ex-only) , Total African Americans with Past Prison Record (ex- only) , % total African American VAP with Past  Prison Record (ex-only) , Total Number of Males with a Felony Record (ex- and current) , %total Male VAP with felony record (ex- and current) , Total African American Males with Felony Record (ex- and current) , % total African American Male VAP with Felony Record (ex- and current) , Total Number of Males with Past Felony Conviction (ex-only) , %total Male VAP with Past Felony Conviction (ex-only) , Total African American Males with Past Felony Record (ex- only) , % total African American Male VAP with Past  Felony Record (ex-only) , Total Number of Males with a Prison Record (ex- and current) , %totalMale VAP with prison record (ex- and current) , Total African American Males with Prison Record (ex- and current) , % total African American Male VAP with Prison Record (ex- and current) , Total Number of Males with Past Prison Record (ex-only) , %total Male VAP with Past Prison Record (ex-only) , Total African American Maless with Past Prison Record (ex- only) , % total African American Male VAP with Past  Prison Record (ex-only) 
1948,"1,439,110 ",1.51 ,"414,952 ",4.75 ,"890,958 ",0.93 ,"283,403 ",3.24 ,"1,281,285 ",1.35 ,"377,646 ",4.32 ,"1,032,494 ",1.08 ,"305,758 ",3.50 ,"1,362,095 ",2.94 ,"393,298 ",9.23 ,"871,667 ",1.88 ,"274,254 ",6.43 ,"1,228,536 ",2.65 ,"361,720 ",8.49 ,"991,624 ",2.14 ,"293,262 ",6.88 
1949,"1,600,750 ",1.67 ,"452,870 ",5.13 ,"1,026,183 ",1.07 ,"315,004 ",3.57 ,"1,301,337 ",1.35 ,"382,960 ",4.34 ,"1,040,149 ",1.08 ,"307,491 ",3.48 ,"1,502,594 ",3.21 ,"426,414 ",9.91 ,"984,356 ",2.10 ,"300,749 ",6.99 ,"1,250,031 ",2.67 ,"367,470 ",8.54 ,"1,000,438 ",2.14 ,"295,348 ",6.87 
1950,"1,740,756 ",1.80 ,"497,267 ",5.59 ,"1,158,271 ",1.19 ,"352,696 ",3.96 ,"1,314,862 ",1.36 ,"398,384 ",4.48 ,"1,049,821 ",1.08 ,"319,160 ",3.58 ,"1,622,866 ",3.44 ,"465,915 ",10.74 ,"1,094,089 ",2.32 ,"333,376 ",7.68 ,"1,264,698 ",2.68 ,"382,816 ",8.82 ,"1,010,707 ",2.14 ,"306,892 ",7.07 
1951,"1,858,461 ",1.90 ,"525,473 ",5.85 ,"1,277,319 ",1.31 ,"380,265 ",4.23 ,"1,319,121 ",1.35 ,"400,710 ",4.46 ,"1,054,853 ",1.08 ,"321,192 ",3.58 ,"1,719,441 ",3.61 ,"489,126 ",11.18 ,"1,193,057 ",2.51 ,"356,262 ",8.14 ,"1,267,110 ",2.66 ,"384,584 ",8.79 ,"1,014,052 ",2.13 ,"308,435 ",7.04 
1952,"1,970,194 ",2.00 ,"551,904 ",6.09 ,"1,379,903 ",1.40 ,"403,428 ",4.45 ,"1,321,849 ",1.34 ,"402,553 ",4.44 ,"1,053,509 ",1.07 ,"321,275 ",3.55 ,"1,810,890 ",3.77 ,"510,778 ",11.57 ,"1,276,913 ",2.66 ,"375,082 ",8.49 ,"1,268,348 ",2.64 ,"385,964 ",8.74 ,"1,011,532 ",2.11 ,"308,173 ",6.98 
1953,"2,081,934 ",2.09 ,"578,124 ",6.31 ,"1,472,850 ",1.48 ,"423,912 ",4.62 ,"1,324,513 ",1.33 ,"404,324 ",4.41 ,"1,047,646 ",1.05 ,"319,911 ",3.49 ,"1,880,834 ",3.87 ,"531,977 ",11.90 ,"1,331,943 ",2.74 ,"391,515 ",8.76 ,"1,268,688 ",2.61 ,"387,010 ",8.66 ,"1,004,140 ",2.06 ,"306,349 ",6.85 
1954,"2,202,952 ",2.18 ,"606,649 ",6.54 ,"1,561,344 ",1.55 ,"443,145 ",4.77 ,"1,331,258 ",1.32 ,"407,285 ",4.39 ,"1,039,522 ",1.03 ,"317,756 ",3.42 ,"2,001,580 ",4.07 ,"555,685 ",12.28 ,"1,423,065 ",2.89 ,"406,687 ",8.99 ,"1,274,521 ",2.59 ,"389,673 ",8.61 ,"995,700 ",2.02 ,"304,105 ",6.72 
1955,"2,316,854 ",2.27 ,"632,947 ",6.74 ,"1,664,971 ",1.63 ,"465,742 ",4.96 ,"1,333,174 ",1.30 ,"408,648 ",4.35 ,"1,036,846 ",1.01 ,"317,120 ",3.37 ,"2,094,659 ",4.21 ,"577,150 ",12.60 ,"1,507,014 ",3.03 ,"424,811 ",9.27 ,"1,275,254 ",2.56 ,"390,657 ",8.53 ,"992,078 ",1.99 ,"303,188 ",6.62 
1956,"2,428,160 ",2.35 ,"658,349 ",6.93 ,"1,762,874 ",1.70 ,"486,602 ",5.12 ,"1,333,579 ",1.29 ,"409,473 ",4.31 ,"1,031,214 ",0.99 ,"315,478 ",3.32 ,"2,184,714 ",4.34 ,"597,595 ",12.89 ,"1,585,961 ",3.15 ,"441,344 ",9.52 ,"1,273,999 ",2.53 ,"390,956 ",8.43 ,"985,251 ",1.95 ,"301,190 ",6.50 
1957,"2,542,153 ",2.42 ,"684,345 ",7.09 ,"1,856,882 ",1.77 ,"506,305 ",5.24 ,"1,335,698 ",1.27 ,"410,762 ",4.25 ,"1,024,256 ",0.97 ,"313,325 ",3.24 ,"2,279,324 ",4.45 ,"619,248 ",13.15 ,"1,659,614 ",3.24 ,"456,578 ",9.70 ,"1,276,563 ",2.49 ,"392,376 ",8.33 ,"978,569 ",1.91 ,"299,142 ",6.35 
1958,"2,666,555 ",2.50 ,"713,028 ",7.27 ,"1,945,082 ",1.82 ,"524,394 ",5.35 ,"1,343,053 ",1.26 ,"413,630 ",4.22 ,"1,015,043 ",0.95 ,"310,356 ",3.16 ,"2,382,906 ",4.59 ,"643,224 ",13.46 ,"1,728,232 ",3.32 ,"470,351 ",9.84 ,"1,283,851 ",2.47 ,"395,216 ",8.27 ,"969,541 ",1.86 ,"296,252 ",6.19 
1959,"2,786,323 ",2.57 ,"740,207 ",7.44 ,"2,056,016 ",1.90 ,"548,050 ",5.50 ,"1,347,554 ",1.24 ,"415,473 ",4.17 ,"1,015,617 ",0.93 ,"310,300 ",3.11 ,"2,480,565 ",4.70 ,"665,289 ",13.71 ,"1,818,939 ",3.45 ,"489,437 ",10.08 ,"1,286,801 ",2.44 ,"396,570 ",8.17 ,"968,930 ",1.83 ,"295,851 ",6.09 
1960,"2,908,919 ",2.65 ,"767,952 ",7.60 ,"2,161,538 ",1.97 ,"570,063 ",5.64 ,"1,352,713 ",1.23 ,"417,431 ",4.13 ,"1,013,043 ",0.92 ,"309,131 ",3.06 ,"2,581,513 ",4.82 ,"688,097 ",13.97 ,"1,903,208 ",3.55 ,"506,714 ",10.28 ,"1,291,269 ",2.41 ,"398,304 ",8.08 ,"965,769 ",1.80 ,"294,518 ",5.98 
1961,"3,039,187 ",2.73 ,"798,228 ",7.76 ,"2,266,860 ",2.03 ,"592,146 ",5.75 ,"1,362,658 ",1.22 ,"421,302 ",4.09 ,"1,011,510 ",0.90 ,"308,468 ",3.00 ,"2,689,049 ",4.95 ,"713,125 ",14.22 ,"1,987,448 ",3.66 ,"524,073 ",10.45 ,"1,299,946 ",2.39 ,"401,752 ",8.01 ,"963,309 ",1.77 ,"293,577 ",5.85 
1962,"3,158,231 ",2.79 ,"825,280 ",7.88 ,"2,390,364 ",2.11 ,"618,795 ",5.91 ,"1,367,280 ",1.21 ,"423,374 ",4.04 ,"1,018,236 ",0.90 ,"310,347 ",2.96 ,"2,785,595 ",5.05 ,"734,934 ",14.39 ,"2,089,569 ",3.79 ,"545,882 ",10.69 ,"1,302,676 ",2.36 ,"403,199 ",7.89 ,"968,371 ",1.75 ,"294,940 ",5.77 
1963,"3,268,498 ",2.87 ,"849,799 ",7.98 ,"2,505,878 ",2.20 ,"643,142 ",6.03 ,"1,367,701 ",1.20 ,"424,002 ",3.98 ,"1,021,124 ",0.89 ,"310,910 ",2.91 ,"2,875,493 ",5.19 ,"754,838 ",14.53 ,"2,182,474 ",3.94 ,"565,201 ",10.88 ,"1,302,627 ",2.35 ,"403,662 ",7.77 ,"970,323 ",1.75 ,"295,224 ",5.68 
1964,"3,371,211 ",2.95 ,"872,262 ",8.05 ,"2,618,673 ",2.29 ,"666,773 ",6.15 ,"1,366,010 ",1.19 ,"423,853 ",3.91 ,"1,024,135 ",0.89 ,"311,444 ",2.87 ,"2,958,030 ",5.31 ,"772,671 ",14.62 ,"2,274,920 ",4.08 ,"584,290 ",11.05 ,"1,299,812 ",2.33 ,"403,133 ",7.63 ,"972,170 ",1.74 ,"295,400 ",5.59 
1965,"3,466,368 ",3.00 ,"898,405 ",8.15 ,"2,725,619 ",2.36 ,"689,996 ",6.26 ,"1,361,931 ",1.18 ,"428,503 ",3.88 ,"1,025,544 ",0.88 ,"314,547 ",2.85 ,"3,033,998 ",5.39 ,"794,204 ",14.78 ,"2,362,434 ",4.19 ,"603,362 ",11.22 ,"1,294,760 ",2.30 ,"407,234 ",7.57 ,"972,561 ",1.72 ,"298,080 ",5.54 
1966,"3,537,592 ",3.03 ,"917,540 ",8.19 ,"2,835,567 ",2.43 ,"714,195 ",6.37 ,"1,346,240 ",1.15 ,"428,932 ",3.82 ,"1,027,782 ",0.88 ,"317,877 ",2.83 ,"3,089,738 ",5.43 ,"809,777 ",14.82 ,"2,450,242 ",4.30 ,"622,776 ",11.40 ,"1,279,781 ",2.24 ,"407,691 ",7.46 ,"974,132 ",1.71 ,"301,099 ",5.51 
1967,"3,605,914 ",3.04 ,"936,006 ",8.22 ,"2,920,224 ",2.46 ,"731,705 ",6.42 ,"1,332,418 ",1.12 ,"429,675 ",3.77 ,"1,021,550 ",0.86 ,"318,169 ",2.79 ,"3,144,045 ",5.44 ,"825,109 ",14.86 ,"2,514,463 ",4.35 ,"635,895 ",11.45 ,"1,267,248 ",2.19 ,"408,690 ",7.36 ,"967,869 ",1.67 ,"301,302 ",5.42 
1968,"3,666,648 ",3.04 ,"952,490 ",8.23 ,"3,007,186 ",2.50 ,"750,527 ",6.48 ,"1,318,874 ",1.09 ,"430,162 ",3.71 ,"1,020,163 ",0.84 ,"320,041 ",2.76 ,"3,189,070 ",5.43 ,"837,673 ",14.84 ,"2,585,735 ",4.40 ,"651,286 ",11.54 ,"1,251,973 ",2.13 ,"408,347 ",7.23 ,"965,291 ",1.64 ,"302,658 ",5.36 
1969,"3,757,108 ",3.06 ,"978,602 ",8.32 ,"3,063,493 ",2.50 ,"760,457 ",6.47 ,"1,325,481 ",1.08 ,"437,896 ",3.72 ,"1,011,040 ",0.82 ,"318,843 ",2.71 ,"3,262,668 ",5.46 ,"859,459 ",14.99 ,"2,629,762 ",4.40 ,"658,620 ",11.49 ,"1,257,101 ",2.10 ,"415,192 ",7.24 ,"955,715 ",1.60 ,"301,078 ",5.25 
1970,"3,817,104 ",3.06 ,"996,504 ",8.34 ,"3,125,794 ",2.51 ,"773,358 ",6.47 ,"1,319,617 ",1.05 ,"441,309 ",3.69 ,"1,006,284 ",0.80 ,"319,553 ",2.67 ,"3,308,638 ",5.44 ,"873,805 ",15.01 ,"2,679,864 ",4.41 ,"668,997 ",11.49 ,"1,249,331 ",2.05 ,"417,754 ",7.17 ,"949,786 ",1.56 ,"301,353 ",5.17 
1971,"3,797,448 ",2.87 ,"1,013,759 ",8.10 ,"3,100,178 ",2.34 ,"790,123 ",6.31 ,"1,322,749 ",0.99 ,"440,902 ",3.52 ,"1,006,832 ",0.76 ,"318,929 ",2.54 ,"3,272,261 ",5.07 ,"887,034 ",14.53 ,"2,640,011 ",4.09 ,"682,375 ",11.18 ,"1,250,517 ",1.93 ,"416,621 ",6.82 ,"949,189 ",1.47 ,"300,278 ",4.92 
1972,"3,979,741 ",2.84 ,"1,029,293 ",7.86 ,"3,288,906 ",2.34 ,"809,133 ",6.18 ,"1,325,551 ",0.94 ,"439,796 ",3.35 ,"1,012,775 ",0.72 ,"319,814 ",2.44 ,"3,438,472 ",5.03 ,"898,703 ",14.07 ,"2,814,129 ",4.11 ,"697,872 ",10.93 ,"1,251,212 ",1.83 ,"414,773 ",6.49 ,"953,718 ",1.39 ,"300,653 ",4.70 
1973,"4,077,116 ",2.86 ,"1,050,975 ",7.69 ,"3,357,877 ",2.35 ,"823,259 ",6.02 ,"1,340,880 ",0.94 ,"443,465 ",3.24 ,"1,015,154 ",0.71 ,"319,327 ",2.33 ,"3,518,844 ",5.06 ,"916,297 ",13.74 ,"2,870,522 ",4.12 ,"709,059 ",10.63 ,"1,264,378 ",1.81 ,"417,680 ",6.26 ,"954,941 ",1.37 ,"299,749 ",4.49 
1974,"4,193,920 ",2.89 ,"1,078,354 ",7.57 ,"3,425,088 ",2.36 ,"836,548 ",5.87 ,"1,365,173 ",0.94 ,"450,381 ",3.16 ,"1,016,709 ",0.70 ,"318,446 ",2.23 ,"3,616,926 ",5.11 ,"939,178 ",13.51 ,"2,925,405 ",4.13 ,"719,518 ",10.35 ,"1,286,406 ",1.81 ,"423,807 ",6.10 ,"955,450 ",1.35 ,"298,499 ",4.29 
1975,"4,337,683 ",2.94 ,"1,099,777 ",7.42 ,"3,492,073 ",2.36 ,"854,852 ",5.76 ,"1,400,028 ",0.94 ,"447,821 ",3.02 ,"1,016,271 ",0.68 ,"313,994 ",2.11 ,"3,739,248 ",5.19 ,"956,088 ",13.22 ,"2,979,981 ",4.14 ,"733,878 ",10.15 ,"1,318,902 ",1.83 ,"421,042 ",5.82 ,"954,151 ",1.32 ,"293,839 ",4.06 
1976,"4,498,871 ",2.99 ,"1,137,811 ",7.38 ,"3,585,490 ",2.38 ,"873,823 ",5.67 ,"1,437,646 ",0.95 ,"458,479 ",2.97 ,"1,027,814 ",0.68 ,"315,539 ",2.04 ,"3,876,477 ",5.29 ,"988,480 ",13.16 ,"3,058,288 ",4.17 ,"749,426 ",9.97 ,"1,354,059 ",1.85 ,"430,925 ",5.73 ,"964,235 ",1.31 ,"294,959 ",3.92 
1977,"4,619,921 ",2.99 ,"1,188,464 ",7.49 ,"3,735,836 ",2.42 ,"901,716 ",5.68 ,"1,493,022 ",0.96 ,"490,812 ",3.09 ,"1,019,366 ",0.66 ,"311,465 ",1.96 ,"3,981,675 ",5.29 ,"1,034,015 ",13.36 ,"3,182,277 ",4.23 ,"771,906 ",9.97 ,"1,406,837 ",1.87 ,"461,762 ",5.96 ,"955,523 ",1.27 ,"290,868 ",3.75 
1978,"4,704,496 ",2.97 ,"1,229,674 ",7.52 ,"3,782,214 ",2.38 ,"908,118 ",5.55 ,"1,496,643 ",0.94 ,"505,752 ",3.09 ,"1,011,520 ",0.63 ,"307,561 ",1.88 ,"4,048,748 ",5.24 ,"1,069,011 ",13.41 ,"3,217,025 ",4.16 ,"775,789 ",9.73 ,"1,408,858 ",1.82 ,"475,453 ",5.96 ,"946,928 ",1.22 ,"286,730 ",3.59 
1979,"4,827,864 ",2.99 ,"1,255,518 ",7.47 ,"3,789,866 ",2.34 ,"913,221 ",5.43 ,"1,506,274 ",0.93 ,"500,885 ",2.98 ,"974,120 ",0.60 ,"294,172 ",1.75 ,"4,149,570 ",5.27 ,"1,088,902 ",13.28 ,"3,215,215 ",4.08 ,"777,341 ",9.48 ,"1,416,942 ",1.79 ,"470,312 ",5.73 ,"910,523 ",1.15 ,"273,587 ",3.33 
1980,"4,976,173 ",3.02 ,"1,310,724 ",7.58 ,"3,918,099 ",2.38 ,"942,682 ",5.45 ,"1,548,146 ",0.94 ,"524,809 ",3.03 ,"996,289 ",0.60 ,"299,434 ",1.73 ,"4,274,394 ",5.24 ,"1,136,956 ",13.29 ,"3,319,324 ",4.07 ,"801,115 ",9.36 ,"1,455,986 ",1.78 ,"492,761 ",5.76 ,"930,343 ",1.14 ,"278,082 ",3.25 
1981,"5,177,945 ",3.09 ,"1,386,072 ",7.84 ,"4,045,041 ",2.42 ,"981,559 ",5.55 ,"1,633,060 ",0.97 ,"564,230 ",3.19 ,"1,036,956 ",0.62 ,"314,791 ",1.78 ,"4,449,777 ",5.43 ,"1,202,987 ",13.89 ,"3,429,822 ",4.18 ,"834,686 ",9.64 ,"1,535,398 ",1.87 ,"529,664 ",6.11 ,"968,283 ",1.18 ,"292,345 ",3.37 
1982,"5,408,048 ",3.18 ,"1,481,984 ",8.21 ,"4,195,944 ",2.47 ,"1,028,347 ",5.69 ,"1,733,712 ",1.02 ,"617,237 ",3.42 ,"1,095,302 ",0.64 ,"337,299 ",1.86 ,"4,647,769 ",5.64 ,"1,287,243 ",14.69 ,"3,558,884 ",4.31 ,"874,979 ",9.99 ,"1,629,304 ",1.97 ,"579,276 ",6.61 ,"1,022,349 ",1.24 ,"313,119 ",3.57 
1983,"5,668,416 ",3.29 ,"1,552,930 ",8.42 ,"4,341,523 ",2.52 ,"1,092,233 ",5.92 ,"1,837,311 ",1.06 ,"645,142 ",3.49 ,"1,154,016 ",0.67 ,"365,975 ",1.98 ,"4,869,807 ",5.82 ,"1,347,084 ",15.03 ,"3,681,487 ",4.40 ,"929,591 ",10.37 ,"1,725,226 ",2.06 ,"604,627 ",6.75 ,"1,076,145 ",1.28 ,"339,427 ",3.78 
1984,"5,930,792 ",3.39 ,"1,636,866 ",8.69 ,"4,520,265 ",2.59 ,"1,146,216 ",6.08 ,"1,935,297 ",1.10 ,"683,237 ",3.62 ,"1,206,303 ",0.69 ,"385,415 ",2.04 ,"5,090,430 ",5.99 ,"1,418,363 ",15.48 ,"3,831,863 ",4.51 ,"975,174 ",10.64 ,"1,815,483 ",2.13 ,"639,614 ",6.98 ,"1,124,300 ",1.32 ,"357,227 ",3.90 
1985,"6,419,907 ",3.63 ,"1,796,747 ",9.35 ,"4,912,967 ",2.78 ,"1,244,200 ",6.47 ,"2,051,922 ",1.16 ,"742,234 ",3.86 ,"1,249,212 ",0.70 ,"398,325 ",2.07 ,"5,510,078 ",6.41 ,"1,553,853 ",16.61 ,"4,166,465 ",4.84 ,"1,055,063 ",11.27 ,"1,923,012 ",2.23 ,"694,268 ",7.42 ,"1,163,033 ",1.35 ,"368,652 ",3.94 
1986,"6,705,560 ",3.75 ,"1,981,410 ",10.10 ,"5,046,171 ",2.82 ,"1,360,323 ",6.93 ,"2,186,663 ",1.22 ,"806,512 ",4.11 ,"1,315,432 ",0.73 ,"424,568 ",2.16 ,"5,722,434 ",6.57 ,"1,709,679 ",17.89 ,"4,235,788 ",4.86 ,"1,147,179 ",12.00 ,"2,046,432 ",2.35 ,"753,287 ",7.88 ,"1,223,041 ",1.40 ,"392,301 ",4.10 
1987,"7,048,634 ",3.91 ,"2,198,884 ",10.99 ,"5,252,683 ",2.91 ,"1,484,706 ",7.42 ,"2,343,022 ",1.30 ,"896,807 ",4.48 ,"1,395,190 ",0.77 ,"454,989 ",2.27 ,"5,986,479 ",6.82 ,"1,894,704 ",19.48 ,"4,379,076 ",4.99 ,"1,248,744 ",12.84 ,"2,188,885 ",2.49 ,"836,184 ",8.59 ,"1,295,447 ",1.47 ,"419,701 ",4.31 
1988,"7,434,510 ",4.08 ,"2,411,133 ",11.83 ,"5,487,333 ",3.01 ,"1,619,716 ",7.94 ,"2,513,898 ",1.38 ,"985,584 ",4.83 ,"1,478,702 ",0.81 ,"492,764 ",2.41 ,"6,284,730 ",7.11 ,"2,072,596 ",20.94 ,"4,550,913 ",5.15 ,"1,359,931 ",13.74 ,"2,343,988 ",2.65 ,"917,024 ",9.26 ,"1,369,997 ",1.55 ,"453,321 ",4.58 
1989,"7,901,302 ",4.29 ,"2,635,098 ",12.73 ,"5,770,233 ",3.13 ,"1,745,256 ",8.43 ,"2,752,673 ",1.49 ,"1,108,665 ",5.35 ,"1,583,506 ",0.86 ,"540,778 ",2.61 ,"6,661,752 ",7.51 ,"2,262,793 ",22.69 ,"4,772,502 ",5.38 ,"1,465,022 ",14.69 ,"2,558,649 ",2.88 ,"1,027,984 ",10.30 ,"1,465,038 ",1.65 ,"496,770 ",4.98 
1990,"8,368,948 ",4.50 ,"2,860,250 ",13.62 ,"6,033,156 ",3.24 ,"1,871,725 ",8.91 ,"2,976,542 ",1.60 ,"1,221,456 ",5.81 ,"1,671,216 ",0.89 ,"581,336 ",2.76 ,"7,036,750 ",7.90 ,"2,453,073 ",24.40 ,"4,964,283 ",5.57 ,"1,566,231 ",15.58 ,"2,760,652 ",3.10 ,"1,129,874 ",11.24 ,"1,541,237 ",1.73 ,"531,851 ",5.29 
1991,"8,793,378 ",4.68 ,"3,079,958 ",14.46 ,"6,305,016 ",3.35 ,"2,007,700 ",9.42 ,"3,185,633 ",1.69 ,"1,330,836 ",6.24 ,"1,769,632 ",0.94 ,"626,540 ",2.94 ,"7,368,100 ",8.19 ,"2,635,333 ",25.84 ,"5,177,368 ",5.76 ,"1,680,488 ",16.47 ,"2,947,464 ",3.28 ,"1,227,838 ",12.03 ,"1,634,107 ",1.81 ,"574,537 ",5.63 
1992,"9,189,111 ",4.84 ,"3,293,805 ",15.24 ,"6,533,752 ",3.44 ,"2,137,038 ",9.89 ,"3,391,249 ",1.78 ,"1,436,360 ",6.64 ,"1,850,148 ",0.97 ,"664,754 ",3.07 ,"7,672,002 ",8.44 ,"2,810,733 ",27.14 ,"5,351,662 ",5.88 ,"1,787,920 ",17.26 ,"3,132,220 ",3.44 ,"1,322,738 ",12.77 ,"1,712,365 ",1.88 ,"611,745 ",5.90 
1993,"9,650,266 ",5.03 ,"3,545,177 ",16.19 ,"6,736,735 ",3.51 ,"2,274,877 ",10.39 ,"3,622,548 ",1.89 ,"1,555,990 ",7.10 ,"1,977,147 ",1.03 ,"726,514 ",3.31 ,"8,029,052 ",8.72 ,"3,016,962 ",28.71 ,"5,484,403 ",5.96 ,"1,893,981 ",18.02 ,"3,337,847 ",3.62 ,"1,429,205 ",13.60 ,"1,817,743 ",1.97 ,"662,816 ",6.30 
1994,"10,049,072 ",5.20 ,"3,744,889 ",16.89 ,"7,000,755 ",3.62 ,"2,456,868 ",11.08 ,"3,842,969 ",1.99 ,"1,661,684 ",7.49 ,"2,097,896 ",1.08 ,"802,482 ",3.61 ,"8,331,736 ",9.00 ,"3,178,868 ",29.90 ,"5,680,235 ",6.13 ,"2,041,897 ",19.20 ,"3,534,969 ",3.81 ,"1,523,778 ",14.33 ,"1,922,075 ",2.07 ,"728,913 ",6.85 
1995,"10,527,921 ",5.39 ,"3,997,615 ",17.75 ,"7,262,824 ",3.72 ,"2,602,756 ",11.56 ,"4,071,142 ",2.08 ,"1,796,409 ",7.97 ,"2,265,847 ",1.16 ,"878,314 ",3.90 ,"8,696,308 ",9.28 ,"3,385,825 ",31.33 ,"5,868,048 ",6.26 ,"2,157,001 ",19.96 ,"3,737,312 ",3.99 ,"1,644,624 ",15.22 ,"2,068,674 ",2.20 ,"794,823 ",7.35 
1996,"11,045,865 ",5.61 ,"4,238,486 ",18.54 ,"7,626,759 ",3.87 ,"2,754,297 ",12.05 ,"4,281,853 ",2.17 ,"1,890,374 ",8.27 ,"2,395,225 ",1.21 ,"939,714 ",4.11 ,"9,093,274 ",9.62 ,"3,576,256 ",32.60 ,"6,145,528 ",6.50 ,"2,278,161 ",20.77 ,"3,920,564 ",4.15 ,"1,725,824 ",15.73 ,"2,186,264 ",2.31 ,"850,363 ",7.75 
1997,"11,580,746 ",5.82 ,"4,436,151 ",19.05 ,"8,079,763 ",4.06 ,"2,970,695 ",12.75 ,"4,503,107 ",2.26 ,"1,945,008 ",8.35 ,"2,577,415 ",1.29 ,"1,022,854 ",4.39 ,"9,503,955 ",9.98 ,"3,723,569 ",33.37 ,"6,485,524 ",6.81 ,"2,446,717 ",21.93 ,"4,114,724 ",4.32 ,"1,768,388 ",15.85 ,"2,343,577 ",2.46 ,"921,922 ",8.26 
1998,"12,095,438 ",6.00 ,"4,747,045 ",20.01 ,"8,441,050 ",4.19 ,"3,176,531 ",13.39 ,"4,742,997 ",2.35 ,"2,096,050 ",8.83 ,"2,738,937 ",1.36 ,"1,094,231 ",4.61 ,"9,878,259 ",10.21 ,"3,977,155 ",34.91 ,"6,734,811 ",6.96 ,"2,606,732 ",22.88 ,"4,322,791 ",4.46 ,"1,904,560 ",16.71 ,"2,487,454 ",2.57 ,"985,199 ",8.64 
1999,"12,650,788 ",6.25 ,"4,973,876 ",20.76 ,"8,589,232 ",4.24 ,"3,338,332 ",13.93 ,"4,985,218 ",2.46 ,"2,122,594 ",8.86 ,"2,908,804 ",1.43 ,"1,185,789 ",4.95 ,"10,303,610 ",10.66 ,"4,137,309 ",36.17 ,"6,851,105 ",7.08 ,"2,739,219 ",23.95 ,"4,531,188 ",4.68 ,"1,915,550 ",16.74 ,"2,630,967 ",2.72 ,"1,064,083 ",9.30 
2000,"13,242,732 ",6.43 ,"5,242,831 ",21.28 ,"9,076,641 ",4.41 ,"3,609,082 ",14.65 ,"5,195,632 ",2.52 ,"2,231,973 ",9.06 ,"3,088,213 ",1.50 ,"1,303,328 ",5.29 ,"10,746,596 ",10.86 ,"4,347,688 ",36.70 ,"7,206,039 ",7.28 ,"2,949,532 ",24.90 ,"4,711,718 ",4.76 ,"2,011,554 ",16.98 ,"2,782,974 ",2.81 ,"1,165,938 ",9.84 
2001,"13,856,156 ",6.62 ,"5,490,940 ",21.66 ,"9,606,744 ",4.59 ,"3,818,193 ",15.06 ,"5,424,430 ",2.59 ,"2,340,613 ",9.23 ,"3,274,863 ",1.56 ,"1,385,995 ",5.46 ,"11,203,572 ",11.05 ,"4,541,329 ",37.02 ,"7,591,584 ",7.49 ,"3,109,580 ",25.35 ,"4,909,825 ",4.84 ,"2,106,177 ",17.17 ,"2,942,041 ",2.90 ,"1,237,137 ",10.08 
2002,"14,440,599 ",6.86 ,"5,690,210 ",23.27 ,"10,185,521 ",4.84 ,"4,079,544 ",16.68 ,"5,642,895 ",2.68 ,"2,421,362 ",9.90 ,"3,451,947 ",1.64 ,"1,456,433 ",5.95 ,"11,635,121 ",11.52 ,"4,694,769 ",36.96 ,"8,049,806 ",7.97 ,"3,317,743 ",26.11 ,"5,094,158 ",5.04 ,"2,179,612 ",17.15 ,"3,106,281 ",3.07 ,"1,303,009 ",10.25 
2003,"15,038,812 ",7.05 ,"5,887,157 ",23.56 ,"10,730,311 ",5.03 ,"4,296,180 ",17.20 ,"5,855,463 ",2.74 ,"2,502,357 ",10.01 ,"3,612,345 ",1.69 ,"1,537,355 ",6.15 ,"12,078,284 ",11.79 ,"4,841,276 ",36.80 ,"8,437,665 ",8.24 ,"3,476,624 ",26.42 ,"5,271,956 ",5.14 ,"2,247,350 ",17.08 ,"3,230,713 ",3.15 ,"1,368,240 ",10.40 
2004,"15,690,145 ",7.27 ,"6,068,649 ",23.78 ,"11,280,319 ",5.22 ,"4,453,228 ",17.45 ,"6,108,746 ",2.83 ,"2,572,660 ",10.08 ,"3,790,528 ",1.75 ,"1,590,862 ",6.23 ,"12,587,107 ",12.12 ,"4,977,748 ",36.54 ,"8,857,652 ",8.53 ,"3,592,159 ",26.36 ,"5,497,170 ",5.29 ,"2,308,456 ",16.94 ,"3,387,591 ",3.26 ,"1,414,361 ",10.38 
2005,"16,294,422 ",7.57 ,"6,238,998 ",25.85 ,"11,844,572 ",5.50 ,"4,628,663 ",19.18 ,"6,311,889 ",2.93 ,"2,632,675 ",10.90 ,"4,018,060 ",1.86 ,"1,675,800 ",6.94 ,"13,084,331 ",12.59 ,"5,101,867 ",36.16 ,"9,323,783 ",8.97 ,"3,722,077 ",26.38 ,"5,710,299 ",5.49 ,"2,361,534 ",16.73 ,"3,616,718 ",3.48 ,"1,484,220 ",10.52 
2006,"16,885,772 ",7.65 ,"6,326,092 ",24.61 ,"12,362,313 ",5.60 ,"4,729,021 ",18.40 ,"6,559,545 ",2.97 ,"2,700,987 ",10.50 ,"4,188,809 ",1.89 ,"1,735,557 ",6.75 ,"13,489,757 ",12.66 ,"5,158,354 ",35.30 ,"9,682,934 ",9.09 ,"3,793,829 ",25.96 ,"5,888,090 ",5.52 ,"2,421,145 ",16.57 ,"3,723,487 ",3.49 ,"1,534,421 ",10.50 
2007,"17,860,672 ",7.84 ,"6,512,770 ",24.58 ,"13,345,375 ",5.86 ,"4,914,094 ",18.55 ,"6,790,966 ",2.98 ,"2,795,873 ",10.55 ,"4,371,473 ",1.91 ,"1,812,549 ",6.84 ,"14,326,291 ",12.93 ,"5,301,187 ",35.03 ,"10,498,032 ",9.47 ,"3,926,184 ",25.94 ,"6,090,111 ",5.49 ,"2,504,321 ",16.55 ,"3,881,108 ",3.50 ,"1,601,211 ",10.58 
2008,"18,041,634 ",8.00 ,"6,693,742 ",25.25 ,"13,431,714 ",5.95 ,"5,058,195 ",19.08 ,"6,996,398 ",3.10 ,"2,875,293 ",10.85 ,"4,557,783 ",2.02 ,"1,877,438 ",7.08 ,"14,358,596 ",13.17 ,"5,436,603 ",34.69 ,"10,475,145 ",9.61 ,"4,037,107 ",25.76 ,"6,269,058 ",5.75 ,"2,568,538 ",16.39 ,"4,044,444 ",3.71 ,"1,657,056 ",10.57 
2009,"18,598,399 ",7.99 ,"6,783,200 ",24.65 ,"13,944,566 ",5.99 ,"5,173,924 ",18.80 ,"7,192,152 ",3.09 ,"2,852,743 ",10.36 ,"4,734,264 ",2.03 ,"1,916,765 ",6.96 ,"14,770,489 ",13.04 ,"5,486,392 ",33.81 ,"10,852,366 ",9.58 ,"4,116,842 ",25.37 ,"6,441,651 ",5.68 ,"2,535,488 ",15.62 ,"4,195,542 ",3.70 ,"1,690,272 ",10.41 
2010,"19,022,636 ",8.10 ,"6,882,208 ",23.42 ,"14,474,203 ",6.17 ,"5,329,715 ",18.13 ,"7,275,120 ",3.10 ,"2,864,486 ",9.74 ,"4,882,531 ",2.08 ,"1,948,622 ",6.63 ,"15,044,132 ",12.79 ,"5,540,639 ",32.97 ,"11,205,227 ",9.52 ,"4,219,715 ",25.11 ,"6,505,939 ",5.53 ,"2,537,846 ",15.10 ,"4,322,931 ",3.67 ,"1,717,430 ",10.21 
,,,,,,,,,,,,,,,,,,,,,,,,,,,,,,,,
,,,,,,,,,,,,,,,,,,,,,,,,,,,,,,,,
,,,,,,,,,,,,,,,,,,,,,,,,,,,,,,,,
"Source: Shannon, Sarah K.S., Christopher Uggen, Jason Schnittker, Melissa Thompson, Sara Wakefield, and Michael Massoglia. Forthcoming. ""The Growth, Scope, and Spatial Distribution of People with Felony Records in the United States,1948 to 2010."" Demography., October 2017.",,,,,,,,,,,,,,,,,,,,,,,,,,,,,,,,
"Corresponding author: Sarah Shannon, sshannon@uga.edu",,,,,,,,,,,,,,,,,,,,,,,,,,,,,,,,
"Notes: Raw numbers are estimates based on life table analysis, not a census-like enumeration. See source for methodological details. Percentages are based on the voting age population for each group (total population, African American population)",,,,,,,,,,,,,,,,,,,,,,,,,,,,,,,,
